,subject,instructions,bias,slope,lapse_low,lapse_high,bias_Left,slope_Left,lapse_low_Left,lapse_high_Left,bias_Right,slope_Right,lapse_low_Right,lapse_high_Right,Absolute bias,Absolute_bias_Right,Absolute_bias_Left,Mean lapse,Mean_lapse_Right,Mean_lapse_Left,$\Delta$ Absolute bias,$\Delta$ Mean lapse,$\Delta$ Slope,$\Delta$ bias,Slope,$\Delta$ lapse_high,$\Delta$ lapse_low
0,6,0,8.61912831134513,33.25000870772566,0.1115169464529473,0.0133288758752098,7.216957611591228,24.552705209744204,0.1581837691684747,0.0578436052882517,0.0049244120228966,42.89657373659202,5.180296521441961e-13,3.320932579912552e-12,8.61912831134513,0.0049244120228966,7.216957611591228,0.0624229111640785,1.919481116028374e-12,0.1080136872283632,-7.2120331995683316,-0.1080136872264437,18.34386852684781,-7.2120331995683316,33.25000870772566,-0.057843605284930766,-0.15818376916795668
1,7,0,-7.33845091714397,31.38729026017314,2.7816995483352e-11,0.0025428308417106,-11.414751236709453,28.6881398650726,7.278810173770213e-11,0.0020706266384058,0.0062417565897909,22.243585233553237,1.203525100870288e-11,0.0078602909507674,7.33845091714397,0.0062417565897909,11.414751236709453,0.0012714154347638,0.0039301454814013,0.0010353133555969,-11.408509480119662,0.0028948321258043,-6.444554631519367,11.420992993299244,31.38729026017314,0.0057896643123616,-6.075285072899925e-11
2,8,0,-6.006503232132074,32.25381103456053,1.9799469115935847e-11,0.0821750308436806,1.4984102402993065,36.93931789404911,7.634591656808024e-05,0.0002419364771749,-13.035316013441223,37.12745711345374,4.063445854030406e-12,0.0881486225776067,6.006503232132074,13.035316013441223,1.4984102402993065,0.04108751543174,0.044074311290835,0.0001591411968715,11.536905773141918,0.0439151700939635,0.1881392194046256,-14.533726253740529,32.25381103456053,0.0879066861004318,-7.634591250463438e-05
3,9,0,16.755217646392616,31.276690980786256,0.0008048541524052,0.0314952319484876,23.49985743389611,42.466225830302406,1.4117865796828306e-12,0.0445705622429353,17.392833222454556,19.591021077722665,0.0385984742485099,0.0349775622048273,16.755217646392616,17.392833222454556,23.49985743389611,0.0161500430504464,0.0367880182266686,0.0222852811221735,-6.107024211441555,0.014502737104495,-22.87520475257974,-6.107024211441555,31.276690980786256,-0.009593000038108,0.038598474247098113
4,10,0,5.392317219874275,38.19723096633268,1.6974677183848603e-09,0.0357474832490338,9.82222469181074,46.08868693284532,2.0635725524023192e-05,0.0026970144161701,5.952833404361034,39.11678208271292,1.129063846937591e-12,1.4100880898966413e-06,5.392317219874275,5.952833404361034,9.82222469181074,0.0178737424732507,7.050446094802441e-07,0.001358825070847,-3.869391287449705,-0.0013581200262375,-6.971904850132404,-3.869391287449705,38.19723096633268,-0.002695604328080203,-2.0635724394959346e-05
5,11,0,8.407645563012306,32.8718268288971,0.0081591120783957,0.0153390266722917,1.5067731113627008,22.89295157631544,0.0079200513738554,0.05784279928752,11.651718963239528,29.503425229096244,0.0419971662561845,0.0164907843902327,8.407645563012306,11.651718963239528,1.5067731113627008,0.0117490693753437,0.0292439753232086,0.0328814253306877,10.144945851876829,-0.0036374500074791,6.610473652780804,10.144945851876829,32.8718268288971,-0.0413520148972873,0.0340771148823291
6,12,0,-5.758862120587063,55.830355778747006,0.123087133466424,0.1903591176338173,11.407597259981452,79.18608712773045,0.0926612976033172,0.1272354695858834,-29.99970624217576,81.5958524823596,0.0576979706666668,0.1860307949072587,5.758862120587063,29.99970624217576,11.407597259981452,0.1567231255501207,0.1218643827869627,0.1099483835946003,18.59210898219431,0.0119159991923624,2.409765354629158,-41.40730350215721,55.830355778747006,0.058795325321375325,-0.034963326936650406
7,13,1,8.073798489357838,39.10805999571561,7.654819839948227e-12,0.0095716743494627,4.671288670729259,34.903182478591425,1.2201269827632838e-12,0.0049693220234892,11.410873907562715,33.7740050871644,0.0281896304467414,0.0126137840442234,8.073798489357838,11.410873907562715,4.671288670729259,0.0047858371785587,0.0204017072454824,0.0024846610123546,6.739585236833458,0.0179170462331277,-1.129177391427028,6.739585236833458,39.10805999571561,0.0076444620207342,0.028189630445521273
8,15,0,-13.043533876376683,40.02427140634498,3.616213363079618e-11,0.014626693621464,-14.103528202127157,44.67781237161054,1.3177729345349994e-12,0.0129430117295602,-11.858577888320024,42.62559103427111,0.0004295759225365,5.692468889358776e-07,13.043533876376683,11.858577888320024,14.103528202127157,0.007313346828813,0.0002150725847127,0.006471505865439,-2.2449503138071307,-0.0062564332807262,-2.052221337339432,2.2449503138071307,40.02427140634498,-0.012942442482671264,0.0004295759212187271
9,17,1,-3.866136416585437,35.74378435241347,2.751008708632657e-09,2.7165535163576847e-10,-9.9089992797676,29.412915914988133,1.548308090141299e-07,1.1772759861840636e-10,1.046692508510085,32.47631724451027,3.40405790691584e-07,1.349947934726405e-09,3.866136416585437,1.046692508510085,9.9089992797676,1.511332030134213e-09,1.708778693131552e-07,7.747426830637415e-08,-8.862306771257513,9.340360100678104e-08,3.0634013295221365,10.955691788277685,35.74378435241347,1.2322203361079986e-09,1.8557498167745412e-07
10,18,1,-6.7839672746290365,44.21303276203939,1.6578105492662873e-11,0.0011394489949165,-10.79761020831056,42.49758615937995,6.756317673750206e-06,0.0005299849703441,-0.9152973355550198,39.13168501079922,1.733628146630793e-10,1.806593809918944e-11,6.7839672746290365,0.9152973355550198,10.79761020831056,0.0005697245057473,9.571437638113435e-11,0.0002683706440089,-9.88231287275554,-0.0002683705482945,-3.3659011485807326,9.88231287275554,44.21303276203939,-0.000529984952278162,-6.756144310935543e-06
11,20,0,-8.671353616573324,33.128690297477064,6.938897442507824e-12,0.0092147925945969,-12.966883617920116,30.248285034383144,7.885476995519296e-13,0.0455173034604057,-3.5171654069387905,27.925882980285,0.0167879433150366,9.984613671449032e-12,8.671353616573324,3.5171654069387905,12.966883617920116,0.0046073963007679,0.0083939716625106,0.0227586517305971,-9.449718210981326,-0.0143646800680865,-2.3224020540981485,9.449718210981326,33.128690297477064,-0.04551730345042109,0.016787943314248054
12,21,1,5.120847743846538,26.77428815456443,0.0080777372262615,0.0366492042961061,16.182530489344565,39.70930026769952,6.075601079761823e-14,4.253239129595964e-05,3.330475619747805,30.44887831194993,1.8429585463959383e-05,0.0001189639959123,5.120847743846538,3.330475619747805,16.182530489344565,0.0223634707611838,6.869679068814984e-05,2.1266195678357828e-05,-12.85205486959676,4.7430595009792005e-05,-9.260421955749592,-12.85205486959676,26.77428815456443,7.643160461634035e-05,1.8429585403203373e-05
13,22,1,0.0086059209768157,39.25559811095553,6.050310721228696e-09,3.884574264292538e-09,-8.101830818909546,33.65630716912305,1.0408770035952691e-10,9.441332240335636e-11,17.552137642930838,30.517806697036228,0.1010485995141714,1.7448499155193576e-12,0.0086059209768157,17.552137642930838,8.101830818909546,4.967442492760617e-09,0.0505242997579581,9.925051138144163e-11,9.450306824021292,0.0505242996587076,-3.1385004720868253,25.653968461840385,39.25559811095553,-9.2668472487837e-11,0.1010485994100837
14,23,0,12.589928202526036,32.438637832759,0.0258527722067878,6.674403491930556e-12,4.952951154698454,22.887166649290428,0.0299255874583739,1.6742919577136757e-12,14.82541414550601,31.47484198483433,0.0200100298391282,4.230620075875346e-12,12.589928202526036,14.82541414550601,4.952951154698454,0.0129263861067311,0.0100050149216794,0.0149627937300241,9.872462990807556,-0.0049577788083446,8.587675335543906,9.872462990807556,32.438637832759,2.55632811816167e-12,-0.009915557619245702
15,24,0,-10.787684383823994,42.07384033874037,0.0415419112623817,0.1064096258441062,-11.445136413302594,45.50542385516202,0.0307605464120305,0.168507573463878,-12.354909375744612,43.4962025076027,0.0864309317662528,0.0873728127378427,10.787684383823994,12.354909375744612,11.445136413302594,0.073975768553244,0.0869018722520478,0.0996340599379542,0.909772962442018,-0.0127321876859064,-2.0092213475593184,-0.909772962442018,42.07384033874037,-0.08113476072603532,0.0556703853542223
16,25,1,-8.8375721859376,45.032683792317584,1.2552855805718555e-11,0.0100245750233375,-8.19155850593516,53.32365561667116,0.0001677188673539,0.0014793231763145,-3.9533736260124903,33.133471611102,4.888214775679356e-07,0.0114202272207232,8.8375721859376,3.9533736260124903,8.19155850593516,0.0050122875179452,0.0057103580211004,0.0008235210218342,-4.2381848799226685,0.0048868369992661,-20.190184005569165,4.2381848799226685,45.032683792317584,0.0099409040444087,-0.00016723004587633204
17,26,1,12.667156941501592,30.42583036876246,0.0077154246313936,2.016713174938443e-12,24.094309645308652,34.96493836275949,0.0001464816448433,4.454040723636688e-11,7.983312385578403,34.677550075373816,0.0108520538062546,1.834970564258618e-12,12.667156941501592,7.983312385578403,24.094309645308652,0.0038577123167051,0.0054260269040448,7.324084469188959e-05,-16.110997259730254,0.0053527860593529,-0.2873882873856743,-16.110997259730254,30.42583036876246,-4.270543667210826e-11,0.0107055721614113
18,27,0,6.97483841954645,32.81391540165624,1.2118076540946631e-11,4.6845090009187587e-11,-0.0023370076889146,28.686454939505367,3.4607168643373976e-12,0.1320205535881454,8.084590444695152,27.709461404260026,1.3550768720915995e-06,6.057061324489673e-05,6.97483841954645,8.084590444695152,0.0023370076889146,2.9481583275067107e-11,3.096284505849416e-05,0.066010276795803,8.082253437006237,-0.0659793139507445,-0.9769935352453416,8.086927452384067,32.81391540165624,-0.1319599829749005,1.3550734113747352e-06
19,28,0,-0.0063739925429047,26.816925248033087,0.0125876501206629,4.359568306622128e-12,-3.845443170252003,31.105423758996903,3.3208854311791416e-10,9.929676561334572e-10,-4.873758457773236,27.875022595090133,3.565175759124898e-11,3.8563289636062036e-10,0.0063739925429047,4.873758457773236,3.845443170252003,0.0062938250625112,2.106423269759347e-10,6.625280996256857e-10,1.0283152875212327,-4.51885772649751e-10,-3.2304011639067696,-1.0283152875212327,26.816925248033087,-6.073347597728369e-10,-2.964367855266652e-10
20,29,1,-4.680446896323642,55.4954201795279,0.0113220684731429,0.0206658311408989,-0.1952796503482946,69.60698813734979,0.0012072731074754,0.1078641822760679,-13.636796464306972,55.412609091231175,1.9811262757175218e-12,0.0019071465322578,4.680446896323642,13.636796464306972,0.1952796503482946,0.0159939498070209,0.0009535732671195,0.0545357276917717,13.441516813958676,-0.0535821544246522,-14.194379046118613,-13.441516813958676,55.4954201795279,-0.10595703574381009,-0.0012072731054942737
21,30,1,-13.825740436432056,45.30527381618526,2.878851809158081e-08,1.979831111181083e-08,-18.10106209698422,40.35455374565943,2.7962236992354808e-06,4.0218937094880663e-13,-8.752769059947187,42.24498963809837,4.3198512843094135e-10,2.1305794919516345e-12,13.825740436432056,8.752769059947187,18.10106209698422,2.429341460169582e-08,2.1705785396144647e-10,1.398112050712426e-06,-9.348293037037031,-1.3978949928584643e-06,1.890435892438937,9.348293037037031,45.30527381618526,1.728390121002828e-12,-2.79579171410705e-06
22,31,0,-0.5422068436860742,99.99999998843458,0.2504506112481547,0.1968430657896709,9.3317221009229,99.99999972660756,0.2776898791288221,0.3919964906484038,-0.025432047282346,99.9999787628726,0.4125861126312405,0.1710023249048204,0.5422068436860742,0.025432047282346,9.3317221009229,0.2236468385189128,0.2917942187680305,0.334843184888613,-9.306290053640554,-0.0430489661205824,-2.096373498261528e-05,-9.357154148205243,99.99999998843458,-0.2209941657435834,0.13489623350241842
23,32,0,-8.281065902135346,29.81337209763608,1.1372713132029627e-10,4.520923263705529e-08,-10.727868835926367,30.075576270101287,2.6793117352047023e-11,1.7363798662700828e-11,0.0003412334290625,20.50115812377762,0.0569515926543382,2.9466678127297885e-13,8.281065902135346,0.0003412334290625,10.727868835926367,2.2661479884187797e-08,0.0284757963273164,2.2078458007373922e-11,-10.727527602497306,0.028475796305238,-9.574418146323666,10.728210069355432,29.81337209763608,-1.706913188142785e-11,0.05695159262754508
24,33,1,-9.716755738288052,39.15893789998192,3.9766672824075945e-11,0.0127692426077389,-14.106931584813566,29.47027810200771,1.2679152048514954e-11,7.582738793041891e-12,-5.938359001575176,39.479068525805815,1.2566877808275854e-11,0.0132643825933076,9.716755738288052,5.938359001575176,14.106931584813566,0.0063846213237527,0.0066321913029372,1.0130945420778424e-11,-8.16857258323839,0.0066321912928063,10.008790423798104,8.16857258323839,39.15893789998192,0.013264382585724861,-1.1227424023910026e-13
25,34,1,-2.299844842508122,42.2002224875225,0.0001717030278071,0.0016516691713272,-3.7684029848685183,38.771238688680754,3.465430796152201e-12,4.543294189709847e-12,-0.4825715483070821,42.61149734208751,7.0098852445713035e-12,9.534961394896366e-10,2.299844842508122,0.4825715483070821,3.7684029848685183,0.0009116860995671,4.80253012367104e-10,4.004362492931024e-12,-3.2858314365614363,4.76248649874173e-10,3.8402586534067567,3.2858314365614363,42.2002224875225,9.489528452999269e-10,3.5444544484191024e-12
26,35,0,-2.995852098984576,43.51166686579857,1.1924399002925628e-10,3.905428590315027e-12,-13.9799806968077,21.57958600701461,1.7414537132842385e-11,0.242997662546488,-0.0072122471894429,38.0865176313792,0.1279197799150808,8.037883694627756e-14,2.995852098984576,0.0072122471894429,13.9799806968077,6.157470930978565e-11,0.0639598899575806,0.1214988312819513,-13.972768449618258,-0.0575389413243706,16.506931624364583,13.972768449618258,43.51166686579857,-0.24299766254640762,0.12791977989766626
27,36,0,-5.741544928700696,6.520033518193552,0.4012965318480527,0.346783045919842,-49.20013676194782,4.514048291491307,0.2045454463087129,0.6315789488025454,90.37291460948234,7.764549445024583,0.735042734473335,0.3646184997057884,5.741544928700696,90.37291460948234,49.20013676194782,0.3740397888839474,0.5498306170895617,0.4180621975556292,41.17277784753452,0.1317684195339325,3.250501153533276,139.57305137143015,6.520033518193552,-0.266960449096757,0.5304972881646222
28,37,1,0.3825420282371895,28.983940789892948,0.0001409025621418,3.52572982783222e-07,-4.735388306631997,25.78904909940711,0.0001274922438088,1.4909075328465988e-05,0.0024583155050698,27.98355180210841,2.3770979265983314e-11,4.830072244524335e-13,0.3825420282371895,0.0024583155050698,4.735388306631997,7.06275675622989e-05,1.2126993245217874e-11,7.12006595686707e-05,-4.732929991126927,-7.120064744167746e-05,2.1945027027013038,4.7378466221370665,28.983940789892948,-1.4909074845458763e-05,-0.00012749222003782072
29,38,1,-2.5877200196812344,51.87024355955374,0.0168196913977792,9.36526061590569e-06,11.833586411560717,64.38706855583231,0.022424016466803,5.693112945070087e-10,-4.457152900178777,50.459774130110034,0.1200606436904511,7.661027714992233e-12,2.5877200196812344,4.457152900178777,11.833586411560717,0.0084145283291975,0.0600303218490561,0.0112120085180571,-7.37643351138194,0.0488183133309989,-13.92729442572228,-16.290739311739493,51.87024355955374,-5.616502667920164e-10,0.09763662722364809
30,39,0,-22.44818590303123,99.99999979482284,0.1583003652637993,0.230877069657099,-49.37217065965102,4.5033525795262985,0.229166660631893,0.611702126765446,-48.14801821703525,4.309006910450602,0.399999993837692,0.2318840570873904,22.44818590303123,48.14801821703525,49.37217065965102,0.1945887174604492,0.3159420254625412,0.4204343936986695,-1.2241524426157682,-0.1044923682361282,-0.1943456690756964,1.2241524426157682,99.99999979482284,-0.3798180696780556,0.17083333320579902
31,41,1,0.0001396617254404,34.533027291126885,2.5642939053829707e-12,2.3803063120144703e-12,-5.639265220487305,35.41401561928176,1.7471036784995845e-12,0.0052041141431857,0.0043058623616877,28.007175817767283,0.0082986348717827,1.9125777786458822e-11,0.0001396617254404,0.0043058623616877,5.639265220487305,2.4723001086987205e-12,0.0041493174454542,0.0026020570724664,-5.634959358125617,0.0015472603729878,-7.406839801514472,5.643571082848992,34.533027291126885,-0.005204114124059922,0.008298634870035597
32,42,1,-14.222738078628815,38.64273696730594,6.262024793545404e-11,2.2000255133525537e-11,-18.940914368000925,34.28491513197868,3.2941016310259728e-12,0.0032388141309192,-0.0096740779524322,34.83021068183274,0.1163628830417029,1.669662626217281e-12,14.222738078628815,0.0096740779524322,18.940914368000925,4.231025153448979e-11,0.0581814415216863,0.0016194070671066,-18.931240290048493,0.0565620344545796,0.5452955498540604,18.931240290048493,38.64273696730594,-0.0032388141292495373,0.1163628830384088
33,43,0,2.8220059128635477,28.98814700936937,0.0048911891948075,3.7578326102082144e-06,3.1023831824438544,31.71402721816068,0.0052973903903179,2.2387827502283538e-13,3.9465317830566544,26.386149962005717,0.0213499043100971,5.08052440492632e-13,2.8220059128635477,3.9465317830566544,3.1023831824438544,0.0024474735137088,0.0106749521553025,0.0026486951952709,0.8441486006128001,0.0080262569600316,-5.327877256154967,0.8441486006128001,28.98814700936937,2.8417416546979657e-13,0.0160525139197792
34,44,0,-0.264734116464317,43.91849663112778,5.81302251726114e-10,0.0150933521637338,0.0015510713624707,45.00944375806171,5.235864501467396e-12,0.0084058400634664,-5.132107154783875,45.450358207315375,1.6203309378064387e-10,0.0213633313684709,0.264734116464317,5.132107154783875,0.0015510713624707,0.007546676372518,0.010681665765252,0.0042029200343511,5.130556083421404,0.0064787457309008,0.4409144492536683,-5.133658226146346,43.91849663112778,0.012957491305004499,1.5679722927917647e-10
35,45,1,-4.240053943977687,34.35544372758372,0.0154843436340935,0.004784347319375,-10.93014227127046,19.745568729917736,0.0088475565446584,0.1093776022473278,0.3092313780754768,30.925805746340856,0.115042997473232,2.1116369687984892e-10,4.240053943977687,0.3092313780754768,10.93014227127046,0.0101343454767343,0.0575214988421978,0.0591125793959931,-10.62091089319498,-0.0015910805537952,11.18023701642312,11.239373649345936,34.35544372758372,-0.1093776020361641,0.10619544092857361
36,46,1,0.001533897293009,52.247794243403135,2.0789887003313617e-07,2.8685895147976752e-12,-8.82247192562421,54.8588956176158,4.679117748250668e-12,0.0049984377663159,4.494326893602505,39.81325878230804,7.539042220208281e-07,9.168518368657805e-08,0.001533897293009,4.494326893602505,8.82247192562421,1.039508693113255e-07,4.2279470285370317e-07,0.0024992188854975,-4.328145032021705,-0.0024987960907946,-15.04563683530776,13.316798819226715,52.247794243403135,-0.004998346081132214,7.538995429030799e-07
37,47,0,10.17149496284568,34.28469237697122,5.2812835209225466e-11,2.8968102028367588e-11,0.0008248757042211,22.19585543001259,2.2597015505521215e-12,0.1154002950395268,11.15322931298718,33.33857924127814,7.859844739555535e-12,3.1851234591314084e-12,10.17149496284568,11.15322931298718,0.0008248757042211,4.0890468618796535e-11,5.522484099343472e-12,0.0577001475208932,11.152404437282955,-0.0577001475153707,11.142723811265553,11.152404437282955,34.28469237697122,-0.11540029503634168,5.600143189003413e-12
38,48,0,-2.9383355776236284,8.762605260550583,0.2842155638510387,0.3254277935414826,-50.60400850512599,19.934936048704124,0.116342965703061,0.7714564464315918,-0.0663494317508051,1.0000072197931376,0.7069553656917704,0.2147303611545025,2.9383355776236284,0.0663494317508051,50.60400850512599,0.3048216786962606,0.4608428634231364,0.4438997060673264,-50.53765907337518,0.01694315735581,-18.934928828910987,50.53765907337518,8.762605260550583,-0.5567260852770893,0.5906123999887094
39,49,1,-0.0659174397178649,28.5704268417213,0.0024684609601923,9.396463523696069e-12,2.083028276113798,33.48155504996306,2.1278271493942828e-11,0.0017357050166455,0.0006450344640854,25.43993856846074,2.393483356975201e-11,2.4581214918969937e-12,0.0659174397178649,0.0006450344640854,2.083028276113798,0.0012342304847943,1.3196477530824499e-11,0.0008678525189619,-2.082383241649713,-0.0008678525057654,-8.041616481502324,-2.082383241649713,28.5704268417213,-0.0017357050141873784,2.6565620758091803e-12
40,50,1,1.109923307921665,36.46834734548739,2.4708847779014494e-06,1.1458160745700625e-06,0.0057839521504206,36.31308339021451,1.6398302616174895e-13,2.17020732301974e-11,2.557043492218501,33.44134122533653,0.0166690359984613,1.8753539652231888e-06,1.109923307921665,2.557043492218501,0.0057839521504206,1.808350426235756e-06,0.0083354556762132,1.0933028128179574e-11,2.55125954006808,0.0083354556652802,-2.871742164877979,2.55125954006808,36.46834734548739,1.8753322631499586e-06,0.016669035998297315
41,51,0,-6.57967296812236,36.38231171788449,0.0127411372964077,0.0028894835154848,-6.229672211788682,37.44770218716388,4.76375390494699e-13,0.000675985564933,-6.51417495360017,34.88233241683895,0.0403665507508733,6.3585680614645126e-12,6.57967296812236,6.51417495360017,6.229672211788682,0.0078153104059463,0.0201832753786159,0.0003379927827046,0.2845027418114885,0.0198452825959112,-2.565369770324928,-0.2845027418114885,36.38231171788449,-0.000675985558574432,0.040366550750396926
42,52,0,0.0025590696452512,40.60099724415488,1.0621125038840303e-07,4.991921944592067e-07,-6.574549046202666,27.796112350315383,3.815173694998355e-10,7.118651915912727e-10,3.6855751736326576,42.541289709771846,0.0001237784487883,1.3890441278285096e-12,0.0025590696452512,3.6855751736326576,6.574549046202666,3.027017224238049e-07,6.188922508870198e-05,5.466912805455542e-10,-2.8889738725700083,6.188867839742144e-05,14.745177359456465,10.260124219835324,40.60099724415488,-7.104761474634442e-10,0.0001237780672709305
43,53,1,-0.0033037574888614,32.00263378437076,0.0565126740450443,7.504524283383257e-13,-9.216016538338462,42.0393424711916,0.002826052446503,8.223369094122831e-12,0.0043778499174017,29.814431931446197,2.627969010441796e-11,1.7793907391044278e-11,0.0033037574888614,0.0043778499174017,9.216016538338462,0.0282563370228974,2.203679874773112e-11,0.0014130262273632,-9.21163868842106,-0.0014130262053264,-12.224910539745409,9.220394388255864,32.00263378437076,9.570538296921447e-12,-0.0028260524202233096
44,54,1,2.66196306069145,41.53859235839002,1.603940094257133e-10,0.0001496241084207,-6.432998098621432,31.666765122014525,6.596202237860569e-09,0.0281892741354776,10.181672632316667,35.577692556925086,0.0029584819129764,0.0005506924328393,2.66196306069145,10.181672632316667,6.432998098621432,7.481213440736987e-05,0.0017545871729078,0.0140946403658399,3.7486745336952367,-0.012340053192932,3.910927434910562,16.6146707309381,41.53859235839002,-0.0276385817026383,0.002958475316774162
45,55,0,-0.3300602625823242,1.835486664248333,0.3091787518836812,0.3601694859245557,35.799327115307136,2.455501391508692,0.2417060850856669,0.8333327076218935,34.47274780679578,11.826322571369245,0.6512121963599647,0.2239738706900947,0.3300602625823242,34.47274780679578,35.799327115307136,0.3346741189041184,0.4375930335250297,0.5375193963537802,-1.3265793085113555,-0.0999263628287504,9.37082117986055,-1.3265793085113555,1.835486664248333,-0.6093588369317988,0.4095061112742978
46,56,0,0.0028760127234117,41.3438774874556,0.0148995298898845,6.940031968244636e-13,-5.159893317078133,31.198388523562603,0.0001663656769524,1.1229962753983852e-06,-2.3478492253079377,47.462244803778844,0.0427569676391484,4.996877426454238e-06,0.0028760127234117,2.3478492253079377,5.159893317078133,0.0074497649452892,0.0213809822582874,8.37443366139268e-05,-2.812044091770195,0.0212972379216735,16.263856280216242,2.812044091770195,41.3438774874556,3.873881151055853e-06,0.042590601962196
47,57,1,0.0011611364317547,41.48061825191477,2.9659024978736078e-12,5.177402546544022e-09,-8.220237527230688e-05,36.11947483171189,1.0589190594651019e-11,0.0014605104330732,0.0026362626856912,44.38395718893338,9.465971757430013e-13,1.9955016057395567e-06,0.0011611364317547,0.0026362626856912,8.220237527230688e-05,2.5901842245209482e-09,9.977512761683663e-07,0.0007302552218312,0.0025540603104189,-0.000729257470555,8.264482357221496,0.0027184650609635,41.48061825191477,-0.0014585149314674604,-9.642593418908017e-12
48,58,1,-7.381443368148022,32.06149014648554,0.0242446928788319,0.0187967871081353,-5.895037715151059,32.57157497318234,2.956461458544194e-11,2.8736528208324615e-11,-12.08233092876382,46.40264405339309,0.075686210508934,4.593568663373331e-05,7.381443368148022,12.08233092876382,5.895037715151059,0.0215207399934836,0.0378660730977839,2.915057139688328e-11,6.187293213612762,0.0378660730686333,13.831069080210751,-6.187293213612762,32.06149014648554,4.5935657897205105e-05,0.07568621047936938
49,59,0,-7.261057749602537,19.88770048796761,0.3596079948613125,0.3669808933320956,-5.262036174485973,1.0088419099960766,0.3694581246842139,0.7011494568460321,-8.689595200412489,1.472447716350997,0.5833333416379053,0.2565445268171996,7.261057749602537,8.689595200412489,5.262036174485973,0.3632944440967041,0.4199389342275524,0.535303790765123,3.427559025926516,-0.1153648565375705,0.4636058063549204,-3.427559025926516,19.88770048796761,-0.44460493002883256,0.21387521695369138
50,60,0,0.4603471304294589,1.7948631317816668,0.4976958528470096,0.360869566966867,-8.239758848336166,1.1628685608403035,0.4015151442991483,0.692307693930791,-21.170801370535575,56.06275997255969,0.9109990283581976,0.3247579424293837,0.4603471304294589,21.170801370535575,8.239758848336166,0.4292827099069383,0.6178784853937906,0.5469114191149697,12.931042522199412,0.0709670662788209,54.89989141171939,-12.931042522199412,1.7948631317816668,-0.36754975150140723,0.5094838840590492
51,61,1,-14.349203907266697,34.031212758088785,9.68198389987892e-10,3.6976388676084885e-13,-12.054316290652483,42.47310071170143,8.462901043641406e-12,0.0045799254921036,-19.12232276196834,36.09450560913734,5.285045930024705e-08,0.0001493302551103,14.349203907266697,19.12232276196834,12.054316290652483,4.842840769373264e-10,7.469155278480817e-05,0.0022899627502832,7.068006471315858,-0.0022152711974984,-6.378595102564084,-7.068006471315858,34.031212758088785,-0.004430595236993301,5.284199639920341e-08
52,62,1,-0.3020526473887085,33.843857954748046,0.0124840980381529,4.5044288097645e-11,-0.0076047726689299,30.553944183290945,3.99541006897775e-12,1.0167968125366611e-10,-4.868524893484107,42.08042821351147,0.041951530441822,1.0458024572284278e-05,0.3020526473887085,4.868524893484107,0.0076047726689299,0.0062420490415986,0.0209809942331971,5.2837545661321936e-11,4.860920120815177,0.0209809941803596,11.526484030220525,-4.860920120815177,33.843857954748046,1.0457922892603024e-05,0.041951530437826595
53,63,0,-11.0320220827733,45.63292655461983,2.663046148979773e-13,0.0124663377302613,-12.143581654406448,49.85526579239766,6.140501159467287e-12,6.942967565958776e-12,-6.323395718171712,35.885761927450375,3.4543461927177e-11,0.0204349139666288,11.0320220827733,6.323395718171712,12.143581654406448,0.0062331688652638,0.0102174570005861,6.541734362713031e-12,-5.820185936234735,0.0102174569940444,-13.969503864947283,5.820185936234735,45.63292655461983,0.020434913959685833,2.8402960767709716e-11
54,64,0,7.491349231006559,36.63835665803085,8.308825835145982e-13,0.0531241438515357,11.363007891098023,41.18013973181711,8.754871816292852e-13,0.1795033555284045,6.058182506944811,38.98053641663389,1.9920215686144013e-11,3.682756385507401e-11,7.491349231006559,6.058182506944811,11.363007891098023,0.0265620719261833,2.8373889770609007e-11,0.08975167776464,-5.304825384153214,-0.0897516777362661,-2.199603315183218,-5.304825384153214,36.63835665803085,-0.17950335549157692,1.9044728504514728e-11
55,65,1,6.936203378793201,32.57546223042113,0.0234993826347773,1.3410207622009737e-12,3.169366173672162,28.003403842500823,0.0083384405031628,2.6226222072034842e-12,10.17679292156953,30.370107843894736,0.0896532187403768,5.0843649583174735e-12,6.936203378793201,10.17679292156953,3.169366173672162,0.0117496913180591,0.0448266093727305,0.0041692202528927,7.007426747897369,0.0406573891198378,2.366704001393913,7.007426747897369,32.57546223042113,2.4617427511139893e-12,0.08131477823721399
56,66,1,-13.692437999447332,59.45443042848083,0.0117670715187226,9.441662139180923e-13,-12.879375207092622,59.27068525762655,0.0060367875059202,4.322879095260347e-09,-15.682480665931536,62.24581461966612,0.0190397849972187,7.872102662427393e-10,13.692437999447332,15.682480665931536,12.879375207092622,0.0058835357598334,0.0095198928922144,0.0030183959143996,2.803105458838916,0.0065014969778148,2.975129362039567,-2.803105458838916,59.45443042848083,-3.535668829017608e-09,0.0130029974912985
57,67,0,-5.366103769664142,30.609330112177624,0.1090904258526342,0.2471760053228783,10.278255149304767,45.848289631393456,0.0993983731000193,5.163134608678124e-10,-23.37302830318957,52.64898487467152,1.8872313740032252e-11,0.256506861929194,5.366103769664142,23.37302830318957,10.278255149304767,0.1781332155877563,0.1282534309740331,0.0496991868081663,13.094773153884804,0.0785542441658667,6.800695243278064,-33.65128345249434,30.609330112177624,0.25650686141288054,-0.09939837308114698
58,68,0,-5.395990774183211,39.837639674368745,5.015077794322537e-12,2.1658188872299447e-10,-8.38939241089583e-05,44.23521699337376,2.313370167062932e-10,2.5066067648005468e-11,-10.98632989742147,42.739296637019606,4.80371515352983e-07,7.740066129942659e-08,5.395990774183211,10.98632989742147,8.38939241089583e-05,1.1079848325865852e-10,2.788860883262048e-07,1.2820154217714934e-10,10.986246003497362,2.787578867840277e-07,-1.495920356354148,-10.986246003497362,39.837639674368745,7.737559523177858e-08,4.801401783362767e-07
59,69,1,-8.167834284512848,35.73870619095335,1.642324899390601e-09,0.0001683843572968,-13.595359300230282,30.906257670234872,1.5174915920782217e-12,1.8324485141588782e-09,0.2442114133703831,26.484013672650747,6.033837723295351e-05,0.007241665541835,8.167834284512848,0.2442114133703831,13.595359300230282,8.419299981085807e-05,0.0036510019595339,9.169830028754781e-10,-13.3511478868599,0.0036510010425509,-4.4222439975841255,13.839570713600663,35.73870619095335,0.007241663709386486,6.033837571546192e-05
60,70,1,-13.924379066366916,45.72817467328686,0.0009852188127657,5.990205578577844e-13,-12.41073781174087,49.985723258627374,1.487026174407509e-13,0.0112878349406434,-14.740578203737988,43.13407637190612,6.535875969031557e-10,2.4562538984165862e-11,13.924379066366916,14.740578203737988,12.41073781174087,0.0004926094066823,3.3907506794366084e-10,0.005643917470396,2.3298403919971182,-0.0056439171313209,-6.851646886721255,-2.3298403919971182,45.72817467328686,-0.01128783491608086,6.53438894285715e-10
61,72,0,5.227618490053093,37.85030655601464,6.067883823753369e-09,1.2860044636618462e-08,-3.351098534961035,19.289443301744463,0.0099565673915192,0.18552440172767,0.0028476298716283,41.07332681681026,7.285554398224026e-11,6.363598769846024e-12,5.227618490053093,0.0028476298716283,3.351098534961035,9.463964230185916e-09,3.960957137604314e-11,0.0977404845595946,-3.3482509050894067,-0.0977404845199851,21.7838835150658,3.353946164832663,37.85030655601464,-0.1855244017213064,-0.009956567318663656
62,73,1,-13.5552830726422,38.03453651723828,2.6081778843003913e-10,0.0444223651157879,-13.49840888301568,35.561735415843444,1.2941584347465804e-11,5.413209514775473e-05,-12.752154777303328,40.65729201130226,1.2164397459150991e-11,0.0457222005924323,13.5552830726422,12.752154777303328,13.49840888301568,0.0222111826883028,0.0228611003022983,2.706605404466954e-05,-0.7462541057123531,0.0228340342482536,5.095556595458817,0.7462541057123531,38.03453651723828,0.045668068497284546,-7.77186888314813e-13
63,74,1,0.0023329615029116,38.22903885277312,8.268661026095432e-10,3.155686969383777e-11,-1.697330928480813,33.43741057286731,1.109491009110824e-08,4.485933479847244e-08,-2.196189632869079,40.06579662180926,0.0044437909832689,3.124110592721865e-12,0.0023329615029116,2.196189632869079,1.697330928480813,4.2921148615169055e-10,0.0022218954931965,2.7977122444790344e-08,0.4988587043882659,0.002221867516074,6.628386048941955,-0.4988587043882659,38.22903885277312,-4.485621068787972e-08,0.0044437798883588085
64,75,0,-5.535677453470823,7.851787311759404,0.3336666429246501,0.3439813831579593,0.0040947621667469,1.8536006459717465,0.2484848521205967,0.6052631570309954,25.8654607609475,7.638423058203271,0.7652162126285129,0.3333317583410481,5.535677453470823,25.8654607609475,0.0040947621667469,0.3388240130413047,0.5492739854847806,0.426874004575796,25.86136599878075,0.1223999809089845,5.784822412231525,25.86136599878075,7.851787311759404,-0.2719313986899473,0.5167313605079162
65,76,0,-3.3723779336130466,37.3076836415286,5.2026607423677806e-11,1.439409565506101e-09,-5.105486686520589,32.08803312177591,0.0114460823755243,0.009433115707279,-2.4485440423692597,38.142926362076935,0.0003004899045341,4.1465559699364577e-07,3.3723779336130466,2.4485440423692597,5.105486686520589,7.457180864648893e-10,0.0001504522800655,0.0104395990414017,-2.656942644151329,-0.0102891467613361,6.054893240301027,2.656942644151329,37.3076836415286,-0.009432701051682006,-0.011145592470990201
66,77,1,10.604889998552212,30.908341425421305,6.253251487213808e-12,0.0308419999555258,0.9517322418713547,21.059539455598447,6.29232509654839e-06,0.0817125336093991,12.710136129344097,27.18477178936765,9.453464768338523e-12,0.0363760615257858,10.604889998552212,12.710136129344097,0.9517322418713547,0.0154209999808895,0.0181880307676196,0.0408594129672478,11.758403887472742,-0.0226713821996281,6.125232333769205,11.758403887472742,30.908341425421305,-0.045336472083613306,-6.292315643083622e-06
67,78,1,-0.6572986106237702,34.45405346107364,5.702454814890169e-13,0.026754953478161,17.31733321477123,58.192250082439095,3.0682127343627484e-11,3.8207915946631214e-10,-3.8982478381837926,25.31774637793744,1.4521841729673948e-11,0.017332939742797,0.6572986106237702,3.8982478381837926,17.31733321477123,0.0133774767393656,0.0086664698786594,2.0638064340496977e-10,-13.41908537658744,0.0086664696722788,-32.874503704501656,-21.215581052955024,34.45405346107364,0.01733293936071784,-1.6160285613953538e-11
68,79,0,4.954639455830749,1.0001580949275477,0.3754152841104645,0.4210526271103913,-72.41139556048752,3.859285660417565,0.4583333706914267,0.6900826264410647,-32.93510585766948,1.5110103833868342,0.3846153848063068,0.3623188350065809,4.954639455830749,32.93510585766948,72.41139556048752,0.3982339556104279,0.3734671099064439,0.5742079985662457,-39.47628970281804,-0.2007408886598018,-2.348275277030731,39.47628970281804,1.0001580949275477,-0.32776379143448375,-0.07371798588511991
69,80,0,-0.0994450470717379,41.56329755043335,0.4729291527109118,0.4136656043250468,4.738325133992522,1.000409896771545,0.4791666685879185,0.5675675658179238,46.84971585820993,4.478674890861273,0.5505618006661539,0.3636363607580515,0.0994450470717379,46.84971585820993,4.738325133992522,0.4432973785179793,0.4570990807121027,0.5233671172029212,42.111390724217415,-0.0662680364908184,3.478264994089728,42.111390724217415,41.56329755043335,-0.20393120505987228,0.07139513207823539
70,81,1,0.0057783653883758,44.24557407793988,0.0302364694305984,7.969476115645544e-12,4.616905588765929,38.89880149861348,0.0533677043289965,6.79493849287925e-10,3.559953699771185,42.54088242486745,0.0676089000312407,2.8616766198640986e-12,0.0057783653883758,3.559953699771185,4.616905588765929,0.0151182347192839,0.0338044500170511,0.0266838525042452,-1.0569518889947442,0.0071205975128059,3.642080926253968,-1.0569518889947442,44.24557407793988,-6.766321726680608e-10,0.014241195702244205
71,85,1,15.378346172966928,43.10691908562831,0.003079265547751,7.533258657429592e-05,0.0190684633960221,25.6002342637341,4.2527541768059e-13,0.0055035299669659,18.207561157215487,37.72290234318668,1.995224191164188e-11,7.440381537298937e-12,15.378346172966928,18.207561157215487,0.0190684633960221,0.0015772990671626,1.3696311724470409e-11,0.0027517649836956,18.188492693819462,-0.0027517649699992,12.122668079452572,18.188492693819462,43.10691908562831,-0.005503529959525518,1.952696649396129e-11
72,86,1,-13.615037207498062,31.599833243970195,4.020062229167881e-12,0.0042136854144106,-13.710468213473945,31.54214986751388,1.2350283502646137e-12,2.4213565039072105e-11,-12.769769547592292,30.459343897194103,1.8716534661192803e-11,0.0055477426801416,13.615037207498062,12.769769547592292,13.710468213473945,0.0021068427092153,0.002773871349429,1.272429669466836e-11,-0.9406986658816532,0.0027738713367047,-1.0828059703197752,0.9406986658816532,31.599833243970195,0.005547742655928035,1.7481506310928188e-11
73,88,0,-5.365411379875035,26.568183589972868,0.0294285737816736,0.0188174666063212,-4.426915200608212,31.103144502573087,0.025906123615591,0.0696408877743922,-5.96342986478524,23.40190276456552,0.0300808090159244,0.0134023431928497,5.365411379875035,5.96342986478524,4.426915200608212,0.0241230201939974,0.021741576104387,0.0477735056949916,1.5365146641770284,-0.0260319295906045,-7.701241738007571,-1.5365146641770284,26.568183589972868,-0.0562385445815425,0.004174685400333399
74,89,1,-2.748737152871277,33.611974303214154,8.821253278913045e-12,0.0051949391359698,-8.851844215326643,25.51429539638628,2.6317471286869868e-11,0.0671727861603371,-0.003587199352829,29.66055808795734,0.0001648226544195,1.4473066816110818e-12,2.748737152871277,0.003587199352829,8.851844215326643,0.0025974695723955,8.241132793341627e-05,0.0335863930933273,-8.848257015973815,-0.0335039817653938,4.146262691571064,8.848257015973815,33.611974303214154,-0.0671727861588898,0.0001648226281020287
75,92,0,-19.14430779484913,1.1456200015886882,0.4222222311033209,0.6464285738914344,-22.929890850122057,2.341573626228615,0.4838709684887687,0.7692307664782884,-19.382301719801724,57.66206837860144,0.2033594107488152,0.545610049377053,19.14430779484913,19.382301719801724,22.929890850122057,0.5343254024973776,0.3744847300629341,0.6265508674835285,-3.5475891303203326,-0.2520661374205943,55.32049475237282,3.5475891303203326,1.1456200015886882,-0.22362071710123532,-0.2805115577399535
76,93,1,11.484283815161788,41.63209255285148,8.771483512323323e-12,3.774787388051225e-11,4.446305517817156,33.697241848019715,1.1932757839779408e-10,2.2767562848519167e-10,10.509025222133111,44.222863378526185,4.204408122023709e-06,4.939688598566185e-07,11.484283815161788,10.509025222133111,4.446305517817156,2.3259678696417782e-11,2.349188490940164e-06,1.735016034414929e-10,6.062719704315957,2.349014989336722e-06,10.52562153050647,6.062719704315957,41.63209255285148,4.937411842281332e-07,4.204288794445311e-06
77,94,1,0.0052107885167961,36.87815508590223,3.018276011355829e-10,1.3236147353038274e-10,-4.34137091635901,27.70739268408495,0.002693932660549,4.408143827385413e-11,3.190241155605407,38.49550998163145,0.0188632451603847,9.810424360595382e-09,0.0052107885167961,3.190241155605407,4.34137091635901,2.1709453733298282e-10,0.0094316274854045,0.0013469663523152,-1.1511297607536033,0.0080846611330893,10.7881172975465,7.5316120719644175,36.87815508590223,9.766342922321528e-09,0.0161693124998357
78,95,0,-31.220143126755254,1.2141124433823047,0.4270833223040547,0.506666663055706,59.43662244446216,99.99996150886702,0.4548185948435044,0.0017912702773551,-37.00504754200938,2.302938607340147,0.2666666533267233,0.5578512375794027,31.220143126755254,37.00504754200938,59.43662244446216,0.4668749926798803,0.412258945453063,0.2283049325604297,-22.43157490245278,0.1839540128926332,-97.69702290152686,-96.44166998647154,1.2141124433823047,0.5560599673020475,-0.1881519415167811
79,96,0,-8.138758237333075,31.23574012124945,1.0932828997307816e-11,0.041261392146988,-6.102680988700396,36.35630116266535,0.0004184103219307,0.1235861142073954,-10.754956094727682,32.02964945653585,2.150795399405321e-07,0.0288652405285849,8.138758237333075,10.754956094727682,6.102680988700396,0.0206306960789604,0.0144327278040624,0.062002262264663,4.652275106027286,-0.0475695344606006,-4.326651706129496,-4.652275106027286,31.23574012124945,-0.0947208736788105,-0.0004181952423907595
